,Date,State,Confirmed,Recovered,Deceased,Other,Tested
243,2020-03-20,Madhya Pradesh,4,0,0,0,
266,2020-03-21,Madhya Pradesh,4,0,0,0,
290,2020-03-22,Madhya Pradesh,6,0,0,0,
314,2020-03-23,Madhya Pradesh,6,0,0,0,
339,2020-03-24,Madhya Pradesh,7,0,0,0,
365,2020-03-25,Madhya Pradesh,15,0,0,0,
393,2020-03-26,Madhya Pradesh,20,0,0,0,
421,2020-03-27,Madhya Pradesh,29,0,0,0,
449,2020-03-28,Madhya Pradesh,39,0,0,0,
477,2020-03-29,Madhya Pradesh,39,0,2,0,
505,2020-03-30,Madhya Pradesh,47,0,4,0,
535,2020-03-31,Madhya Pradesh,66,0,5,0,
565,2020-04-01,Madhya Pradesh,98,0,6,0,
596,2020-04-02,Madhya Pradesh,107,0,8,0,
627,2020-04-03,Madhya Pradesh,154,0,8,0,
658,2020-04-04,Madhya Pradesh,179,0,11,0,
689,2020-04-05,Madhya Pradesh,193,3,13,0,2812.0
720,2020-04-06,Madhya Pradesh,256,11,15,0,2812.0
753,2020-04-07,Madhya Pradesh,290,21,21,0,3770.0
786,2020-04-08,Madhya Pradesh,341,25,24,0,4056.0
820,2020-04-09,Madhya Pradesh,411,25,33,0,5135.0
854,2020-04-10,Madhya Pradesh,451,37,36,0,7049.0
888,2020-04-11,Madhya Pradesh,529,38,40,0,8516.0
922,2020-04-12,Madhya Pradesh,562,41,43,0,10481.0
957,2020-04-13,Madhya Pradesh,614,51,50,0,10481.0
992,2020-04-14,Madhya Pradesh,741,64,53,0,8105.0
1027,2020-04-15,Madhya Pradesh,938,64,53,0,9596.0
1062,2020-04-16,Madhya Pradesh,1164,70,55,0,13492.0
1097,2020-04-17,Madhya Pradesh,1310,70,69,0,15302.0
1132,2020-04-18,Madhya Pradesh,1402,127,69,0,14978.0
1167,2020-04-19,Madhya Pradesh,1407,131,72,0,17835.0
1202,2020-04-20,Madhya Pradesh,1485,138,76,0,19142.0
1237,2020-04-21,Madhya Pradesh,1552,148,80,0,20905.0
1272,2020-04-22,Madhya Pradesh,1587,152,80,0,22664.0
1307,2020-04-23,Madhya Pradesh,1687,203,83,0,24548.0
1342,2020-04-24,Madhya Pradesh,1846,210,92,0,26233.0
1377,2020-04-25,Madhya Pradesh,1945,281,99,0,27866.0
1412,2020-04-26,Madhya Pradesh,2090,302,103,0,25232.0
1447,2020-04-27,Madhya Pradesh,2165,357,110,0,27009.0
1482,2020-04-28,Madhya Pradesh,2387,373,120,0,31060.0
1517,2020-04-29,Madhya Pradesh,2560,461,130,0,33837.0
1552,2020-04-30,Madhya Pradesh,2625,482,137,0,41712.0
1587,2020-05-01,Madhya Pradesh,2715,524,145,0,44116.0
1622,2020-05-02,Madhya Pradesh,2788,624,151,0,46578.0
1657,2020-05-03,Madhya Pradesh,2837,798,156,0,49186.0
1692,2020-05-04,Madhya Pradesh,2942,856,165,0,52095.0
1728,2020-05-05,Madhya Pradesh,3049,1000,176,0,54595.0
1764,2020-05-06,Madhya Pradesh,3138,1099,185,0,54595.0
1800,2020-05-07,Madhya Pradesh,3252,1231,193,0,61020.0
1836,2020-05-08,Madhya Pradesh,3341,1349,200,0,63705.0
1872,2020-05-09,Madhya Pradesh,3457,1480,211,0,68010.0
1908,2020-05-10,Madhya Pradesh,3614,1676,215,0,72069.0
1944,2020-05-11,Madhya Pradesh,3785,1747,221,0,76039.0
1980,2020-05-12,Madhya Pradesh,3986,1860,225,0,80885.0
2016,2020-05-13,Madhya Pradesh,4173,2004,232,0,85903.0
2052,2020-05-14,Madhya Pradesh,4426,2171,237,0,89760.0
2088,2020-05-15,Madhya Pradesh,4595,2283,239,0,93849.0
2124,2020-05-16,Madhya Pradesh,4790,2315,243,0,99677.0
2160,2020-05-17,Madhya Pradesh,4977,2403,248,0,103898.0
2196,2020-05-18,Madhya Pradesh,5236,2435,252,0,112168.0
2232,2020-05-19,Madhya Pradesh,5465,2631,258,0,116473.0
2269,2020-05-20,Madhya Pradesh,5735,2734,267,0,120737.0
2306,2020-05-21,Madhya Pradesh,5981,2844,271,0,125608.0
2343,2020-05-22,Madhya Pradesh,6170,3089,272,0,129060.0
2380,2020-05-23,Madhya Pradesh,6371,3267,281,0,132769.0
2417,2020-05-24,Madhya Pradesh,6665,3408,290,0,135889.0
2454,2020-05-25,Madhya Pradesh,6859,3571,300,0,138584.0
2491,2020-05-26,Madhya Pradesh,7024,3689,305,0,141508.0
2528,2020-05-27,Madhya Pradesh,7261,3927,313,0,146144.0
2565,2020-05-28,Madhya Pradesh,7453,4050,321,0,151182.0
2602,2020-05-29,Madhya Pradesh,7645,4269,334,0,155436.0
2639,2020-05-30,Madhya Pradesh,7891,4444,343,0,161552.0
2676,2020-05-31,Madhya Pradesh,8089,4842,350,0,167808.0
2713,2020-06-01,Madhya Pradesh,8283,5003,358,0,172019.0
2750,2020-06-02,Madhya Pradesh,8420,5221,364,0,177481.0
2787,2020-06-03,Madhya Pradesh,8588,5445,371,0,183662.0
2824,2020-06-04,Madhya Pradesh,8762,5637,377,0,189252.0
2861,2020-06-05,Madhya Pradesh,8996,5878,384,0,195249.0
2898,2020-06-06,Madhya Pradesh,9228,6108,399,0,200913.0
2935,2020-06-07,Madhya Pradesh,9401,6331,412,0,208514.0
2972,2020-06-08,Madhya Pradesh,9638,6536,414,0,215194.0
3009,2020-06-09,Madhya Pradesh,9849,6729,420,0,220936.0
3046,2020-06-10,Madhya Pradesh,10049,6892,427,0,228042.0
3083,2020-06-11,Madhya Pradesh,10241,7042,431,0,233740.0
3120,2020-06-12,Madhya Pradesh,10443,7201,440,0,241461.0
3157,2020-06-13,Madhya Pradesh,10641,7377,447,0,246973.0
3194,2020-06-14,Madhya Pradesh,10802,7677,459,0,252762.0
3231,2020-06-15,Madhya Pradesh,10935,7903,465,0,258040.0
3268,2020-06-16,Madhya Pradesh,11083,8152,476,0,263983.0
3305,2020-06-17,Madhya Pradesh,11244,8388,482,0,271205.0
3342,2020-06-18,Madhya Pradesh,11426,8632,486,0,277451.0
3379,2020-06-19,Madhya Pradesh,11582,8748,495,0,282674.0
3416,2020-06-20,Madhya Pradesh,11724,8880,501,0,290831.0
3453,2020-06-21,Madhya Pradesh,11903,9015,515,0,296943.0
3490,2020-06-22,Madhya Pradesh,12078,9215,521,0,302673.0
3527,2020-06-23,Madhya Pradesh,12261,9335,525,0,307812.0
3564,2020-06-24,Madhya Pradesh,12448,9473,534,0,314978.0
3601,2020-06-25,Madhya Pradesh,12595,9619,542,0,321595.0
3638,2020-06-26,Madhya Pradesh,12798,9804,546,0,329079.0
3675,2020-06-27,Madhya Pradesh,12965,9971,550,0,337041.0
3712,2020-06-28,Madhya Pradesh,13186,10084,557,0,344836.0
3749,2020-06-29,Madhya Pradesh,13370,10199,564,0,353612.0
3786,2020-06-30,Madhya Pradesh,13593,10395,572,0,365467.0
3823,2020-07-01,Madhya Pradesh,13861,10655,581,0,372811.0
3860,2020-07-02,Madhya Pradesh,14106,10815,589,0,380655.0
3897,2020-07-03,Madhya Pradesh,14297,11049,593,0,389180.0
3934,2020-07-04,Madhya Pradesh,14604,11234,598,0,398329.0
3971,2020-07-05,Madhya Pradesh,14930,11411,608,0,407882.0
4008,2020-07-06,Madhya Pradesh,15284,11579,617,0,417402.0
4045,2020-07-07,Madhya Pradesh,15627,11768,622,0,427143.0
4082,2020-07-08,Madhya Pradesh,16036,11987,629,0,437930.0
4119,2020-07-09,Madhya Pradesh,16341,12232,634,0,449680.0
4156,2020-07-10,Madhya Pradesh,16657,12481,638,0,460941.0
4193,2020-07-11,Madhya Pradesh,17201,12679,644,0,474461.0
4230,2020-07-12,Madhya Pradesh,17632,12876,653,0,486176.0
4267,2020-07-13,Madhya Pradesh,18207,13208,663,0,509223.0
4304,2020-07-14,Madhya Pradesh,19005,13575,673,0,521700.0
4341,2020-07-15,Madhya Pradesh,19643,13908,682,0,540483.0
4378,2020-07-16,Madhya Pradesh,20378,14127,689,0,553082.0
4415,2020-07-17,Madhya Pradesh,21082,14514,698,0,567364.0
4452,2020-07-18,Madhya Pradesh,21763,14864,706,0,583655.0
4489,2020-07-19,Madhya Pradesh,22600,15311,721,0,599640.0
4525,2020-07-20,Madhya Pradesh,23310,15684,738,0,615862.0
4561,2020-07-21,Madhya Pradesh,24095,16257,756,0,631067.0
4597,2020-07-22,Madhya Pradesh,24842,16836,770,0,645003.0
4633,2020-07-23,Madhya Pradesh,25474,17359,780,0,658869.0
4669,2020-07-24,Madhya Pradesh,26210,17866,791,0,670155.0
4705,2020-07-25,Madhya Pradesh,26926,18488,799,0,684419.0
4741,2020-07-26,Madhya Pradesh,27800,19132,811,0,698171.0
4777,2020-07-27,Madhya Pradesh,28589,19791,820,0,711982.0
4813,2020-07-28,Madhya Pradesh,29217,20343,830,0,724673.0
4849,2020-07-29,Madhya Pradesh,30134,20934,844,0,738986.0
4885,2020-07-30,Madhya Pradesh,30968,21657,857,0,752924.0
4921,2020-07-31,Madhya Pradesh,31806,22271,867,0,767571.0
4957,2020-08-01,Madhya Pradesh,32614,22969,876,0,783769.0
4993,2020-08-02,Madhya Pradesh,33535,23550,886,0,799500.0
5029,2020-08-03,Madhya Pradesh,34285,24099,900,0,812362.0
5065,2020-08-04,Madhya Pradesh,35082,25414,912,0,825723.0
5101,2020-08-05,Madhya Pradesh,35734,26064,929,0,838041.0
5137,2020-08-06,Madhya Pradesh,36564,26902,946,0,846484.0
5173,2020-08-07,Madhya Pradesh,37298,27621,962,0,859921.0
5209,2020-08-08,Madhya Pradesh,38157,28353,977,0,874678.0
5245,2020-08-09,Madhya Pradesh,39025,29020,996,0,891698.0
5281,2020-08-10,Madhya Pradesh,39891,29674,1015,0,909926.0
5317,2020-08-11,Madhya Pradesh,40734,30596,1033,0,931143.0
5353,2020-08-12,Madhya Pradesh,41604,31239,1048,0,951822.0
5389,2020-08-13,Madhya Pradesh,42618,31835,1065,0,972046.0
5425,2020-08-14,Madhya Pradesh,43414,32405,1081,0,992172.0
5461,2020-08-15,Madhya Pradesh,44433,33353,1094,0,1013332.0
5497,2020-08-16,Madhya Pradesh,45455,34038,1105,0,1035343.0
5533,2020-08-17,Madhya Pradesh,46385,35025,1128,0,1055205.0
5569,2020-08-18,Madhya Pradesh,47375,35713,1141,0,1072575.0
5605,2020-08-19,Madhya Pradesh,48351,36475,1159,0,1089939.0
5641,2020-08-20,Madhya Pradesh,49493,37540,1171,0,1111158.0
5677,2020-08-21,Madhya Pradesh,50640,38527,1185,0,1133826.0
5713,2020-08-22,Madhya Pradesh,51866,39399,1206,0,1158510.0
5749,2020-08-23,Madhya Pradesh,53129,40390,1229,0,1181280.0
5785,2020-08-24,Madhya Pradesh,54421,41231,1246,0,1203705.0
5821,2020-08-25,Madhya Pradesh,55800,42310,1265,0,1226559.0
5857,2020-08-26,Madhya Pradesh,56864,43246,1282,0,1248021.0
5893,2020-08-27,Madhya Pradesh,58181,44453,1306,0,1271846.0
5929,2020-08-28,Madhya Pradesh,59433,45396,1323,0,1297699.0
5965,2020-08-29,Madhya Pradesh,60875,46413,1345,0,1324851.0
6001,2020-08-30,Madhya Pradesh,62433,47467,1374,0,1349814.0
6037,2020-08-31,Madhya Pradesh,63965,48657,1394,0,1377427.0
6073,2020-09-01,Madhya Pradesh,65490,49992,1426,0,1398277.0
6109,2020-09-02,Madhya Pradesh,66914,51124,1453,0,1419750.0
6145,2020-09-03,Madhya Pradesh,68586,52215,1483,0,1443477.0
6181,2020-09-04,Madhya Pradesh,70244,53257,1513,0,1469459.0
6217,2020-09-05,Madhya Pradesh,71880,54649,1543,0,1494848.0
6253,2020-09-06,Madhya Pradesh,73574,55887,1572,0,1519014.0
6289,2020-09-07,Madhya Pradesh,75459,56909,1589,0,1541356.0
6325,2020-09-08,Madhya Pradesh,77323,58509,1609,0,1563953.0
6361,2020-09-09,Madhya Pradesh,79192,59850,1640,0,1587945.0
6397,2020-09-10,Madhya Pradesh,81379,61285,1661,0,1611639.0
6433,2020-09-11,Madhya Pradesh,83619,62936,1691,0,1635070.0
6469,2020-09-12,Madhya Pradesh,85966,64398,1728,0,1658175.0
6505,2020-09-13,Madhya Pradesh,88247,65998,1762,0,1680074.0
6541,2020-09-14,Madhya Pradesh,90730,67711,1791,0,1700929.0
6577,2020-09-15,Madhya Pradesh,93053,69613,1820,0,1721188.0
6613,2020-09-16,Madhya Pradesh,95515,71535,1844,0,1736474.0
6649,2020-09-17,Madhya Pradesh,97906,74398,1877,0,1762070.0
6685,2020-09-18,Madhya Pradesh,100458,76952,1901,0,1782505.0
6721,2020-09-19,Madhya Pradesh,103065,79158,1943,0,1801714.0
6757,2020-09-20,Madhya Pradesh,105644,81374,1970,0,1822297.0
6793,2020-09-21,Madhya Pradesh,108167,83618,2007,0,1844080.0
6829,2020-09-22,Madhya Pradesh,110711,86030,2035,0,1861778.0
6865,2020-09-23,Madhya Pradesh,113057,88168,2077,0,1884858.0
6901,2020-09-24,Madhya Pradesh,115361,90495,2122,0,1904145.0
6937,2020-09-25,Madhya Pradesh,117588,93238,2152,0,1929748.0
6973,2020-09-26,Madhya Pradesh,119899,95490,2181,0,1952747.0
7009,2020-09-27,Madhya Pradesh,122209,97571,2207,0,1971589.0
7045,2020-09-28,Madhya Pradesh,124166,100012,2242,0,1993227.0
7081,2020-09-29,Madhya Pradesh,126043,102445,2281,0,2011959.0
7117,2020-09-30,Madhya Pradesh,128047,104734,2316,0,2035134.0
7153,2020-10-01,Madhya Pradesh,130088,107279,2336,0,2063765.0
7189,2020-10-02,Madhya Pradesh,132107,109611,2372,0,2093269.0
7225,2020-10-03,Madhya Pradesh,133918,111712,2399,0,2117799.0
7261,2020-10-04,Madhya Pradesh,135638,113832,2434,0,2208006.0
7297,2020-10-05,Madhya Pradesh,137098,115878,2463,0,2232079.0
7333,2020-10-06,Madhya Pradesh,138668,118039,2488,0,2257909.0
7369,2020-10-07,Madhya Pradesh,140307,120267,2518,0,2289634.0
7405,2020-10-08,Madhya Pradesh,142022,122687,2547,0,2320430.0
7441,2020-10-09,Madhya Pradesh,143629,124887,2574,0,2348457.0
7477,2020-10-10,Madhya Pradesh,145245,127034,2599,0,2377711.0
7513,2020-10-11,Madhya Pradesh,146820,129019,2624,0,2404153.0
7549,2020-10-12,Madhya Pradesh,148298,130721,2645,0,2428707.0
7585,2020-10-13,Madhya Pradesh,149761,132429,2671,0,2453709.0
7621,2020-10-14,Madhya Pradesh,155276,138158,2686,0,2481194.0
7657,2020-10-15,Madhya Pradesh,156584,139717,2710,0,2508619.0
7693,2020-10-16,Madhya Pradesh,157936,141273,2735,0,2534366.0
7729,2020-10-17,Madhya Pradesh,159158,142707,2753,0,2560849.0
7765,2020-10-18,Madhya Pradesh,160188,144134,2773,0,2585631.0
7801,2020-10-19,Madhya Pradesh,161203,145421,2786,0,2607185.0
7837,2020-10-20,Madhya Pradesh,162178,146860,2811,0,2630278.0
7873,2020-10-21,Madhya Pradesh,163296,148082,2828,0,2656824.0
7909,2020-10-22,Madhya Pradesh,164341,149353,2842,0,2687838.0
7945,2020-10-23,Madhya Pradesh,165294,150678,2855,0,2718925.0
7981,2020-10-24,Madhya Pradesh,166298,151946,2875,0,2750620.0
8017,2020-10-25,Madhya Pradesh,167249,153127,2885,0,2781721.0
8053,2020-10-26,Madhya Pradesh,167969,154222,2890,0,2807820.0
8089,2020-10-27,Madhya Pradesh,168483,155232,2898,0,2827043.0
8125,2020-10-28,Madhya Pradesh,169271,156264,2913,0,2853030.0
8161,2020-10-29,Madhya Pradesh,169999,157381,2929,0,2879262.0
8197,2020-10-30,Madhya Pradesh,170690,158455,2941,0,2908257.0
8233,2020-10-31,Madhya Pradesh,171359,159479,2951,0,2934314.0
8269,2020-11-01,Madhya Pradesh,172082,160586,2958,0,2958883.0
8305,2020-11-02,Madhya Pradesh,172717,161454,2965,0,2983044.0
8341,2020-11-03,Madhya Pradesh,173384,162366,2974,0,3016456.0
8377,2020-11-04,Madhya Pradesh,174091,163250,2987,0,3042647.0
8413,2020-11-05,Madhya Pradesh,174825,164067,2992,0,3069092.0
8449,2020-11-06,Madhya Pradesh,175603,164923,3004,0,3096294.0
8485,2020-11-07,Madhya Pradesh,176468,165715,3017,0,3123070.0
8521,2020-11-08,Madhya Pradesh,177359,166403,3028,0,3151590.0
8557,2020-11-09,Madhya Pradesh,178168,167084,3034,0,3177147.0
8593,2020-11-10,Madhya Pradesh,179068,167877,3042,0,3202500.0
8629,2020-11-11,Madhya Pradesh,179951,168568,3055,0,3227919.0
8665,2020-11-12,Madhya Pradesh,180997,169260,3065,0,3254457.0
8701,2020-11-13,Madhya Pradesh,182045,170093,3076,0,3280711.0
8737,2020-11-14,Madhya Pradesh,183057,170969,3083,0,3308898.0
8773,2020-11-15,Madhya Pradesh,183927,171691,3090,0,3323954.0
8809,2020-11-16,Madhya Pradesh,184524,172436,3092,0,3336926.0
8845,2020-11-17,Madhya Pradesh,185446,173284,3102,0,3354884.0
8881,2020-11-18,Madhya Pradesh,186655,174202,3115,0,3377699.0
8917,2020-11-19,Madhya Pradesh,188018,175089,3129,0,3404747.0
8953,2020-11-20,Madhya Pradesh,189546,176006,3138,0,3436118.0
8989,2020-11-21,Madhya Pradesh,191246,176905,3149,0,3467809.0
9025,2020-11-22,Madhya Pradesh,193044,178117,3162,0,3500180.0
9061,2020-11-23,Madhya Pradesh,194745,179237,3172,0,3530106.0
9097,2020-11-24,Madhya Pradesh,196511,180349,3183,0,3562371.0
9133,2020-11-25,Madhya Pradesh,198284,181345,3197,0,3595382.0
9169,2020-11-26,Madhya Pradesh,199952,182544,3209,0,3629507.0
9205,2020-11-27,Madhya Pradesh,201597,183696,3224,0,3660907.0
9241,2020-11-28,Madhya Pradesh,203231,185013,3237,0,3691219.0
9277,2020-11-29,Madhya Pradesh,204745,186521,3250,0,3722973.0
9313,2020-11-30,Madhya Pradesh,206128,188097,3260,0,3751131.0
9349,2020-12-01,Madhya Pradesh,207485,189780,3270,0,3779891.0
9385,2020-12-02,Madhya Pradesh,208924,191618,3287,0,3809683.0
9421,2020-12-03,Madhya Pradesh,210374,193187,3300,0,3840006.0
9457,2020-12-04,Madhya Pradesh,211698,194743,3314,0,3869782.0
9493,2020-12-05,Madhya Pradesh,213050,196192,3326,0,3899734.0
9529,2020-12-06,Madhya Pradesh,214505,197777,3337,0,3932230.0
9565,2020-12-07,Madhya Pradesh,215957,199167,3347,0,3961552.0
9601,2020-12-08,Madhya Pradesh,217302,200664,3358,0,3991537.0
9637,2020-12-09,Madhya Pradesh,218574,201987,3366,0,4021034.0
9673,2020-12-10,Madhya Pradesh,219893,203294,3373,0,4052754.0
9709,2020-12-11,Madhya Pradesh,221115,204641,3382,0,4082106.0
9745,2020-12-12,Madhya Pradesh,222397,206059,3391,0,4111413.0
9781,2020-12-13,Madhya Pradesh,223578,207337,3404,0,4138744.0
9817,2020-12-14,Madhya Pradesh,224636,208421,3412,0,4165575.0
9853,2020-12-15,Madhya Pradesh,225709,209768,3425,0,4193126.0
9889,2020-12-16,Madhya Pradesh,226788,211025,3433,0,4222445.0
9925,2020-12-17,Madhya Pradesh,227949,212351,3442,0,4253128.0
9961,2020-12-18,Madhya Pradesh,229130,213801,3453,0,4283008.0
9997,2020-12-19,Madhya Pradesh,230215,215211,3468,0,4310531.0
10033,2020-12-20,Madhya Pradesh,231284,216485,3481,0,4339056.0
10069,2020-12-21,Madhya Pradesh,232319,217775,3490,0,4365507.0
10105,2020-12-22,Madhya Pradesh,233324,218828,3502,0,4393989.0
10141,2020-12-23,Madhya Pradesh,234331,220051,3514,0,4420566.0
10177,2020-12-24,Madhya Pradesh,235369,221169,3524,0,4449846.0
10213,2020-12-25,Madhya Pradesh,236400,222403,3536,0,4479202.0
10249,2020-12-26,Madhya Pradesh,237406,223532,3545,0,4505014.0
10285,2020-12-27,Madhya Pradesh,238352,224692,3563,0,4531859.0
10321,2020-12-28,Madhya Pradesh,239228,225782,3572,0,4558039.0
10357,2020-12-29,Madhya Pradesh,240081,226904,3582,0,4586846.0
10393,2020-12-30,Madhya Pradesh,240947,227965,3595,0,4613927.0
10429,2020-12-31,Madhya Pradesh,241791,228831,3606,0,4641648.0
10465,2021-01-01,Madhya Pradesh,242571,229731,3618,0,4670398.0
10501,2021-01-02,Madhya Pradesh,243302,230586,3627,0,4696542.0
10537,2021-01-03,Madhya Pradesh,244026,231533,3641,0,4722727.0
10573,2021-01-04,Madhya Pradesh,244647,232390,3648,0,4747752.0
10609,2021-01-05,Madhya Pradesh,245318,233229,3662,0,4774127.0
10645,2021-01-06,Madhya Pradesh,246048,233862,3670,0,4800862.0
10681,2021-01-07,Madhya Pradesh,246822,234612,3682,0,4827887.0
10717,2021-01-08,Madhya Pradesh,247436,235421,3691,0,4853211.0
10753,2021-01-09,Madhya Pradesh,247977,236247,3701,0,4877414.0
10789,2021-01-10,Madhya Pradesh,248597,237063,3711,0,4902643.0
10825,2021-01-11,Madhya Pradesh,249082,237713,3718,0,4925860.0
10861,2021-01-12,Madhya Pradesh,249553,238328,3726,0,4949929.0
10897,2021-01-13,Madhya Pradesh,250009,238983,3732,0,4974209.0
10933,2021-01-14,Madhya Pradesh,250429,239581,3740,0,4998536.0
10969,2021-01-15,Madhya Pradesh,250858,240155,3746,0,5021899.0
11005,2021-01-16,Madhya Pradesh,251223,240948,3751,0,5045476.0
11041,2021-01-17,Madhya Pradesh,251578,241426,3753,0,5069292.0
11078,2021-01-18,Madhya Pradesh,251882,241966,3756,0,5089741.0
11115,2021-01-19,Madhya Pradesh,252186,242691,3763,0,5112431.0
11152,2021-01-20,Madhya Pradesh,252466,243688,3770,0,5134816.0
11189,2021-01-21,Madhya Pradesh,252767,244392,3776,0,5159595.0
11226,2021-01-22,Madhya Pradesh,253114,244855,3780,0,5185843.0
11263,2021-01-23,Madhya Pradesh,253405,245309,3786,0,5210434.0
11300,2021-01-24,Madhya Pradesh,253657,245697,3789,0,5234493.0
11337,2021-01-25,Madhya Pradesh,253857,246558,3791,0,5255105.0
11374,2021-01-26,Madhya Pradesh,254085,247073,3793,0,5274424.0
11411,2021-01-27,Madhya Pradesh,254270,247418,3799,0,5290847.0
11448,2021-01-28,Madhya Pradesh,254496,247739,3802,0,5307095.0
11485,2021-01-29,Madhya Pradesh,254667,248036,3805,0,5325107.0
11522,2021-01-30,Madhya Pradesh,254886,248319,3807,0,5343762.0
11559,2021-01-31,Madhya Pradesh,255112,248637,3810,0,5361905.0
11596,2021-02-01,Madhya Pradesh,255263,248897,3812,0,5376922.0
11633,2021-02-02,Madhya Pradesh,255431,249193,3815,0,5392076.0
11670,2021-02-03,Madhya Pradesh,255689,249443,3816,0,5405789.0
11707,2021-02-04,Madhya Pradesh,255855,249706,3818,0,5420927.0
11744,2021-02-05,Madhya Pradesh,256017,250005,3819,0,5437590.0
11781,2021-02-06,Madhya Pradesh,256214,250320,3820,0,5454653.0
11818,2021-02-07,Madhya Pradesh,256398,250537,3820,0,5470099.0
11855,2021-02-08,Madhya Pradesh,256591,250727,3823,0,5483588.0
11892,2021-02-09,Madhya Pradesh,256758,250946,3825,0,5498870.0
11929,2021-02-10,Madhya Pradesh,256899,251121,3827,0,5513312.0
11966,2021-02-11,Madhya Pradesh,257068,251320,3828,0,5528920.0
12003,2021-02-12,Madhya Pradesh,257229,251538,3829,0,5545444.0
12040,2021-02-13,Madhya Pradesh,257423,251765,3829,0,5561115.0
12077,2021-02-14,Madhya Pradesh,257646,251970,3834,0,5575913.0
12114,2021-02-15,Madhya Pradesh,257849,252164,3838,0,5589287.0
12151,2021-02-16,Madhya Pradesh,258082,252385,3841,0,5603016.0
12188,2021-02-17,Madhya Pradesh,258333,252628,3842,0,5618355.0
12225,2021-02-18,Madhya Pradesh,258574,252821,3844,0,5632931.0
12262,2021-02-19,Madhya Pradesh,258871,253071,3846,0,5647841.0
12299,2021-02-20,Madhya Pradesh,259128,253284,3850,0,5662175.0
12336,2021-02-21,Madhya Pradesh,259427,253522,3854,0,5677009.0
12373,2021-02-22,Madhya Pradesh,259721,253763,3854,0,5690292.0
12410,2021-02-23,Madhya Pradesh,259967,253963,3855,0,5704677.0
12447,2021-02-24,Madhya Pradesh,260313,254186,3857,0,5719677.0
12484,2021-02-25,Madhya Pradesh,260681,254387,3859,0,5735516.0
12521,2021-02-26,Madhya Pradesh,261013,254633,3862,0,5751586.0
12558,2021-02-27,Madhya Pradesh,261403,254874,3863,0,5769798.0
12595,2021-02-28,Madhya Pradesh,261766,255117,3864,0,5786018.0
12632,2021-03-01,Madhya Pradesh,262102,255336,3865,0,5798862.0
12669,2021-03-02,Madhya Pradesh,262433,255595,3865,0,5813881.0
12706,2021-03-03,Madhya Pradesh,262850,255888,3865,0,5830433.0
12743,2021-03-04,Madhya Pradesh,263290,256116,3866,0,5846420.0
12780,2021-03-05,Madhya Pradesh,263747,256424,3866,0,5863341.0
12817,2021-03-06,Madhya Pradesh,264214,256819,3868,0,5878898.0
12854,2021-03-07,Madhya Pradesh,264643,257166,3871,0,5895675.0
12891,2021-03-08,Madhya Pradesh,265070,257560,3872,0,5911698.0
12928,2021-03-09,Madhya Pradesh,265527,257942,3874,0,5926584.0
12965,2021-03-10,Madhya Pradesh,266043,258251,3877,0,5943219.0
13002,2021-03-11,Madhya Pradesh,266573,258598,3881,0,5959169.0
13039,2021-03-12,Madhya Pradesh,267176,258958,3883,0,5973547.0
13076,2021-03-13,Madhya Pradesh,267851,259454,3885,0,5989587.0
13113,2021-03-14,Madhya Pradesh,268594,259967,3887,0,6006068.0
13150,2021-03-15,Madhya Pradesh,269391,260477,3890,0,6020673.0
13187,2021-03-16,Madhya Pradesh,270208,261031,3891,0,6036361.0
13224,2021-03-17,Madhya Pradesh,271040,261531,3893,0,6053348.0
13261,2021-03-18,Madhya Pradesh,271957,262031,3894,0,6071681.0
13298,2021-03-19,Madhya Pradesh,273097,262587,3901,0,6092451.0
13335,2021-03-20,Madhya Pradesh,274405,263158,3903,0,6117146.0
13372,2021-03-21,Madhya Pradesh,275727,263821,3906,0,6140126.0
13409,2021-03-22,Madhya Pradesh,277075,264575,3908,0,6165931.0
13446,2021-03-23,Madhya Pradesh,278577,265373,3912,0,6189017.0
13483,2021-03-24,Madhya Pradesh,280289,266323,3919,0,6214522.0
13520,2021-03-25,Madhya Pradesh,282174,267242,3928,0,6241824.0
13557,2021-03-26,Madhya Pradesh,284265,268290,3937,0,6270328.0
13594,2021-03-27,Madhya Pradesh,286407,269465,3947,0,6297029.0
13631,2021-03-28,Madhya Pradesh,288683,270540,3958,0,6322512.0
13668,2021-03-29,Madhya Pradesh,291006,271889,3967,0,6345761.0
13705,2021-03-30,Madhya Pradesh,293179,273168,3977,0,6366180.0
13742,2021-03-31,Madhya Pradesh,295511,274429,3986,0,6389064.0
13779,2021-04-01,Madhya Pradesh,298057,276002,3998,0,6414720.0
13816,2021-04-02,Madhya Pradesh,300834,277484,4014,0,6441234.0
13853,2021-04-03,Madhya Pradesh,303673,279275,4029,0,6468465.0
13890,2021-04-04,Madhya Pradesh,306851,281476,4040,0,6497170.0
13927,2021-04-05,Madhya Pradesh,310249,283540,4055,0,6528559.0
13964,2021-04-06,Madhya Pradesh,313971,285743,4073,0,6562052.0
14001,2021-04-07,Madhya Pradesh,318014,287869,4086,0,6595471.0
14038,2021-04-08,Madhya Pradesh,322338,290165,4113,0,6628934.0
14075,2021-04-09,Madhya Pradesh,327220,292598,4136,0,6666396.0
14112,2021-04-10,Madhya Pradesh,332206,295339,4160,0,6703934.0
14149,2021-04-11,Madhya Pradesh,338145,298645,4184,0,6743222.0
14186,2021-04-12,Madhya Pradesh,344634,301762,4221,0,6781528.0
14223,2021-04-13,Madhya Pradesh,353632,305832,4261,0,6828054.0
14260,2021-04-14,Madhya Pradesh,363352,309489,4312,0,6872786.0
14297,2021-04-15,Madhya Pradesh,373518,313459,4365,0,6920606.0
14334,2021-04-16,Madhya Pradesh,384563,320955,4425,0,6970509.0
14371,2021-04-17,Madhya Pradesh,395832,327452,4491,0,7023077.0
14408,2021-04-18,Madhya Pradesh,408080,334947,4557,0,7076705.0
14445,2021-04-19,Madhya Pradesh,420977,341783,4636,0,7127647.0
14482,2021-04-20,Madhya Pradesh,433704,350720,4713,0,7179032.0
14519,2021-04-21,Madhya Pradesh,446811,359755,4788,0,7233580.0
14556,2021-04-22,Madhya Pradesh,459195,369375,4863,0,7284554.0
14593,2021-04-23,Madhya Pradesh,472785,380208,4937,0,7341730.0
14630,2021-04-24,Madhya Pradesh,485703,391299,5041,0,7397609.0
14667,2021-04-25,Madhya Pradesh,499304,402623,5133,0,7456701.0
14704,2021-04-26,Madhya Pradesh,511990,414235,5221,0,7511683.0
14741,2021-04-27,Madhya Pradesh,525407,425812,5319,0,7570860.0
14778,2021-04-28,Madhya Pradesh,538165,439968,5424,0,7629555.0
14815,2021-04-29,Madhya Pradesh,550927,453331,5519,0,7689004.0
14852,2021-04-30,Madhya Pradesh,563327,466915,5616,0,7747712.0
14889,2021-05-01,Madhya Pradesh,575706,481477,5718,0,7808547.0
14926,2021-05-02,Madhya Pradesh,588368,495367,5812,0,7869034.0
14963,2021-05-03,Madhya Pradesh,600430,508775,5905,0,7926482.0
15000,2021-05-04,Madhya Pradesh,612666,520024,6003,0,7992536.0
15037,2021-05-05,Madhya Pradesh,624985,529667,6074,0,8058819.0
15074,2021-05-06,Madhya Pradesh,637406,542632,6160,0,8126921.0
15111,2021-05-07,Madhya Pradesh,649114,547447,6244,0,8192183.0
15148,2021-05-08,Madhya Pradesh,660712,551892,6334,0,8258708.0
15185,2021-05-09,Madhya Pradesh,671763,556430,6420,0,8323990.0
15222,2021-05-10,Madhya Pradesh,681478,563754,6501,0,8385520.0
15259,2021-05-11,Madhya Pradesh,691232,573271,6595,0,8451536.0
15296,2021-05-12,Madhya Pradesh,700202,583595,6679,0,8516213.0
15333,2021-05-13,Madhya Pradesh,708621,593752,6753,0,8582419.0
15370,2021-05-14,Madhya Pradesh,716708,605423,6841,0,8650770.0
15407,2021-05-15,Madhya Pradesh,724279,617396,6913,0,8710274.0
15444,2021-05-16,Madhya Pradesh,731385,629741,6992,0,8785791.0
15481,2021-05-17,Madhya Pradesh,737306,641254,7069,0,8850532.0
15518,2021-05-18,Madhya Pradesh,742718,652612,7139,0,8919986.0
15555,2021-05-19,Madhya Pradesh,747783,662949,7227,0,8992742.0
15592,2021-05-20,Madhya Pradesh,752735,672695,7315,0,9070235.0
15629,2021-05-21,Madhya Pradesh,757119,682100,7394,0,9148503.0
15666,2021-05-22,Madhya Pradesh,760963,691427,7483,0,9228240.0
15703,2021-05-23,Madhya Pradesh,764338,699014,7558,0,9307323.0
15740,2021-05-24,Madhya Pradesh,767274,706003,7618,0,9383233.0
15777,2021-05-25,Madhya Pradesh,769696,713376,7686,0,9454649.0
15814,2021-05-26,Madhya Pradesh,771878,720855,7758,0,9524844.0
15851,2021-05-27,Madhya Pradesh,773855,727700,7828,0,9594450.0
15888,2021-05-28,Madhya Pradesh,775709,733496,7891,0,9666660.0
15925,2021-05-29,Madhya Pradesh,777349,738491,7959,0,9742593.0
15962,2021-05-30,Madhya Pradesh,778825,743550,8019,0,9821030.0
15999,2021-05-31,Madhya Pradesh,780030,748573,8067,0,9896447.0
16036,2021-06-01,Madhya Pradesh,781108,752693,8112,0,9966096.0
16073,2021-06-02,Madhya Pradesh,782099,756806,8157,0,10045890.0
16110,2021-06-03,Madhya Pradesh,782945,760552,8207,0,10124379.0
16147,2021-06-04,Madhya Pradesh,783743,762597,8257,0,10204296.0
16184,2021-06-05,Madhya Pradesh,784461,764822,8295,0,10286108.0
16221,2021-06-06,Madhya Pradesh,785196,766756,8337,0,10367744.0
16258,2021-06-07,Madhya Pradesh,785767,768538,8369,0,10442778.0
16295,2021-06-08,Madhya Pradesh,786302,769914,8405,0,10518760.0
16332,2021-06-09,Madhya Pradesh,786755,771243,8441,0,10595870.0
16369,2021-06-10,Madhya Pradesh,787175,772375,8475,0,10672339.0
16406,2021-06-11,Madhya Pradesh,787572,773615,8510,0,10751600.0
16443,2021-06-12,Madhya Pradesh,787906,774600,8531,0,10829438.0
16480,2021-06-13,Madhya Pradesh,788183,775380,8552,0,10906318.0
16517,2021-06-14,Madhya Pradesh,788425,775896,8588,0,10975520.0
16554,2021-06-15,Madhya Pradesh,788649,776424,8615,0,11045834.0
16591,2021-06-16,Madhya Pradesh,788809,776887,8649,0,11117921.0
16628,2021-06-17,Madhya Pradesh,788954,777291,8679,0,11191553.0
16665,2021-06-18,Madhya Pradesh,789064,777630,8707,0,11262974.0
16702,2021-06-19,Madhya Pradesh,789174,777995,8737,0,11334517.0
16739,2021-06-20,Madhya Pradesh,789261,778280,8767,0,11403065.0
16776,2021-06-21,Madhya Pradesh,789350,778584,8786,0,11468113.0
16813,2021-06-22,Madhya Pradesh,789415,778902,8806,0,11532528.0
16850,2021-06-23,Madhya Pradesh,789499,779177,8827,0,11598397.0
16887,2021-06-24,Madhya Pradesh,789561,779432,8849,0,11666850.0
16924,2021-06-25,Madhya Pradesh,789611,779630,8871,0,11735798.0
16961,2021-06-26,Madhya Pradesh,789657,779834,8896,0,11804713.0
16998,2021-06-27,Madhya Pradesh,789696,779963,8917,0,11873731.0
17035,2021-06-28,Madhya Pradesh,789733,780101,8936,0,11937101.0
17072,2021-06-29,Madhya Pradesh,789771,780187,8954,0,12004205.0
17109,2021-06-30,Madhya Pradesh,789804,780265,8969,0,12075742.0
17146,2021-07-01,Madhya Pradesh,789844,780330,8981,0,12150837.0
17183,2021-07-02,Madhya Pradesh,789887,780384,8989,0,12225177.0
17220,2021-07-03,Madhya Pradesh,789936,780445,9001,0,12299236.0
17257,2021-07-04,Madhya Pradesh,789983,780495,9009,0,12373136.0
17294,2021-07-05,Madhya Pradesh,790015,780534,9015,0,12440059.0
17331,2021-07-06,Madhya Pradesh,790042,780578,9017,0,12512247.0
17368,2021-07-07,Madhya Pradesh,790070,780610,9019,0,12655471.0
17405,2021-07-08,Madhya Pradesh,790096,780657,9023,0,12731932.0
17442,2021-07-09,Madhya Pradesh,790125,780695,9024,0,12806933.0
17479,2021-07-10,Madhya Pradesh,790152,780735,9025,0,12882976.0
17516,2021-07-11,Madhya Pradesh,790175,780735,9025,0,12956135.0
17553,2021-07-12,Madhya Pradesh,790193,779295,10506,0,13019105.0
17590,2021-07-13,Madhya Pradesh,791583,780796,10508,0,13096671.0
17627,2021-07-14,Madhya Pradesh,791594,780815,10508,0,13175353.0
17664,2021-07-15,Madhya Pradesh,791614,780851,10510,0,13252767.0
17701,2021-07-16,Madhya Pradesh,791629,780884,10510,0,13331081.0
17738,2021-07-17,Madhya Pradesh,791640,780907,10512,0,13408288.0
17775,2021-07-18,Madhya Pradesh,791658,780927,10512,0,13484070.0
17812,2021-07-19,Madhya Pradesh,791670,780956,10512,0,13549234.0
17849,2021-07-20,Madhya Pradesh,791689,780987,10512,0,13628509.0
17886,2021-07-21,Madhya Pradesh,791704,781007,10512,0,13708788.0
17923,2021-07-22,Madhya Pradesh,791721,781024,10512,0,13777331.0
17960,2021-07-23,Madhya Pradesh,791732,781048,10512,0,13853243.0
17997,2021-07-24,Madhya Pradesh,791738,781077,10512,0,13927528.0
18034,2021-07-25,Madhya Pradesh,791750,781090,10512,0,13999557.0
18071,2021-07-26,Madhya Pradesh,791756,781104,10512,0,14061460.0
18108,2021-07-27,Madhya Pradesh,791767,781117,10512,0,14136097.0
18145,2021-07-28,Madhya Pradesh,791778,781135,10513,0,14209454.0
18182,2021-07-29,Madhya Pradesh,791796,781153,10513,0,14283842.0
18219,2021-07-30,Madhya Pradesh,791806,781172,10513,0,14355902.0
18256,2021-07-31,Madhya Pradesh,791828,781193,10513,0,14427356.0
18293,2021-08-01,Madhya Pradesh,791845,781207,10513,0,14500009.0
18330,2021-08-02,Madhya Pradesh,791862,781217,10513,0,14563717.0
18367,2021-08-03,Madhya Pradesh,791880,781228,10513,0,14637303.0
18404,2021-08-04,Madhya Pradesh,791908,781240,10513,0,14712542.0
18441,2021-08-05,Madhya Pradesh,791919,781253,10514,0,14788621.0
18478,2021-08-06,Madhya Pradesh,791937,781265,10514,0,14864977.0
18515,2021-08-07,Madhya Pradesh,791950,781280,10514,0,14939051.0
18552,2021-08-08,Madhya Pradesh,791960,781298,10514,0,15011979.0
18589,2021-08-09,Madhya Pradesh,791970,781307,10514,0,15075376.0
18626,2021-08-10,Madhya Pradesh,791980,781330,10514,0,15144644.0
18663,2021-08-11,Madhya Pradesh,791990,781344,10514,0,15220497.0
18700,2021-08-12,Madhya Pradesh,791998,781353,10514,0,15297847.0
18737,2021-08-13,Madhya Pradesh,792007,781390,10514,0,15368913.0
18774,2021-08-14,Madhya Pradesh,792023,781398,10514,0,15446827.0
18811,2021-08-15,Madhya Pradesh,792036,781418,10514,0,15523734.0
18848,2021-08-16,Madhya Pradesh,792043,781434,10515,0,15580678.0
18885,2021-08-17,Madhya Pradesh,792054,781444,10515,0,15655846.0
18922,2021-08-18,Madhya Pradesh,792063,781455,10515,0,15731414.0
18959,2021-08-19,Madhya Pradesh,792081,781471,10515,0,15804131.0
18996,2021-08-20,Madhya Pradesh,792089,781479,10515,0,15874744.0
19033,2021-08-21,Madhya Pradesh,792096,781493,10515,0,15936401.0
19070,2021-08-22,Madhya Pradesh,792101,781499,10516,0,16003600.0
19107,2021-08-23,Madhya Pradesh,792104,781504,10516,0,16043313.0
19144,2021-08-24,Madhya Pradesh,792109,781509,10516,0,16109127.0
19181,2021-08-25,Madhya Pradesh,792114,781519,10516,0,16180129.0
19218,2021-08-26,Madhya Pradesh,792120,781528,10516,0,16252361.0
19255,2021-08-27,Madhya Pradesh,792136,781538,10516,0,16324697.0
19292,2021-08-28,Madhya Pradesh,792143,781548,10516,0,16399528.0
19329,2021-08-29,Madhya Pradesh,792155,781559,10516,0,16471171.0
19366,2021-08-30,Madhya Pradesh,792165,781574,10516,0,16528886.0
19403,2021-08-31,Madhya Pradesh,792175,781580,10516,0,16587267.0
19440,2021-09-01,Madhya Pradesh,792186,781587,10516,0,16655274.0
19477,2021-09-02,Madhya Pradesh,792197,781590,10516,0,16724621.0
19514,2021-09-03,Madhya Pradesh,792215,781598,10516,0,16792936.0
19551,2021-09-04,Madhya Pradesh,792237,781607,10516,0,16861928.0
19588,2021-09-05,Madhya Pradesh,792259,781621,10516,0,16930316.0
19625,2021-09-06,Madhya Pradesh,792270,781629,10516,0,16988155.0
19662,2021-09-07,Madhya Pradesh,792281,781638,10516,0,17057934.0
19699,2021-09-08,Madhya Pradesh,792297,781644,10516,0,17127694.0
19736,2021-09-09,Madhya Pradesh,792306,781656,10516,0,17197131.0
19773,2021-09-10,Madhya Pradesh,792311,781664,10517,0,17264123.0
19810,2021-09-11,Madhya Pradesh,792327,781674,10517,0,17326626.0
19847,2021-09-12,Madhya Pradesh,792341,781686,10517,0,17394193.0
19884,2021-09-13,Madhya Pradesh,792353,781705,10517,0,17451758.0
19921,2021-09-14,Madhya Pradesh,792360,781717,10517,0,17520611.0
19958,2021-09-15,Madhya Pradesh,792367,781726,10517,0,17590885.0
19995,2021-09-16,Madhya Pradesh,792374,781738,10517,0,17658425.0
20032,2021-09-17,Madhya Pradesh,792380,781754,10517,0,17727162.0
20069,2021-09-18,Madhya Pradesh,792386,781772,10517,0,17727162.0
20106,2021-09-19,Madhya Pradesh,792394,781781,10517,0,17859586.0
20143,2021-09-20,Madhya Pradesh,792402,781789,10517,0,17913654.0
20180,2021-09-21,Madhya Pradesh,792410,781803,10517,0,17979287.0
20217,2021-09-22,Madhya Pradesh,792422,781815,10517,0,18046382.0
20254,2021-09-23,Madhya Pradesh,792435,781825,10517,0,18114489.0
20291,2021-09-24,Madhya Pradesh,792471,781833,10518,0,18181281.0
20328,2021-09-25,Madhya Pradesh,792487,781852,10518,0,18247709.0
20365,2021-09-26,Madhya Pradesh,792496,781862,10518,0,18312711.0
20402,2021-09-27,Madhya Pradesh,792504,781868,10518,0,18367681.0
20439,2021-09-28,Madhya Pradesh,792511,781875,10520,0,18431662.0
